"","Intercept","nchild","t","U1.t","breakpoint"
"(Intercept)",-3.0577715044776,0.150706489439367,-0.0449816988461997,0.0677502879713614,6.99999127625491
