"","Intercept","Xf","Xp","t","U1.t","breakpoint"
"(Intercept)",-2.30599321134249,0.0958530271614773,0.0652654922385307,-0.0865265859089321,-0.0733550478201149,15.0000131873421
