"","Intercept","nchild","t","U1.t","breakpoint"
"(Intercept)",-3.03702449101568,0.142085333688917,-0.0675766614105623,0.092565499557867,7.35853917551551
